,DrugNameID,OptionsMD_Simple,DefaultETCDesc,OMD_Lifecycle,PackagedDrugDesc
0,1898,Amitriptyline Chlordiazepoxide,Antidepressant - Tricyclic-Benzodiazepine Combinations,Late,CHLORDIAZEPO-AMITRIPTYL 5-12.5
1,1898,Amitriptyline Chlordiazepoxide,Antidepressant - Tricyclic-Benzodiazepine Combinations,Late,CHLORDIAZEPOX-AMITRIPTYL 10-25
2,1898,Amitriptyline Chlordiazepoxide,Antidepressant - Tricyclic-Benzodiazepine Combinations,Late,CHLORDIAZEPO-AMITRIPTYL 5-12.5
3,1898,Amitriptyline Chlordiazepoxide,Antidepressant - Tricyclic-Benzodiazepine Combinations,Late,CHLORDIAZEPOX-AMITRIPTYL 10-25
4,113819,Alprazolam,Bulk Chemicals,Mid - Augmentive ,ALPRAZOLAM POWDER
5,5537,Alprazolam,Antianxiety Agent - Benzodiazepines,Mid - Augmentive ,ALPRAZOLAM ER 1 MG TABLET
6,5537,Alprazolam,Antianxiety Agent - Benzodiazepines,Mid - Augmentive ,ALPRAZOLAM XR 2 MG TABLET
7,5537,Alprazolam,Antianxiety Agent - Benzodiazepines,Mid - Augmentive ,ALPRAZOLAM 1 MG TABLET
8,5537,Alprazolam,Antianxiety Agent - Benzodiazepines,Mid - Augmentive ,ALPRAZOLAM 0.5 MG TABLET
9,5537,Alprazolam,Antianxiety Agent - Benzodiazepines,Mid - Augmentive ,ALPRAZOLAM 0.25 MG TABLET
10,5537,Alprazolam,Antianxiety Agent - Benzodiazepines,Mid - Augmentive ,ALPRAZOLAM 2 MG TABLET
11,5537,Alprazolam,Antianxiety Agent - Benzodiazepines,Mid - Augmentive ,ALPRAZOLAM XR 3 MG TABLET
12,5537,Alprazolam,Antianxiety Agent - Benzodiazepines,Mid - Augmentive ,ALPRAZOLAM ODT 2 MG TAB
13,5537,Alprazolam,Antianxiety Agent - Benzodiazepines,Mid - Augmentive ,ALPRAZOLAM ODT 0.25 MG TAB
14,5537,Alprazolam,Antianxiety Agent - Benzodiazepines,Mid - Augmentive ,ALPRAZOLAM ODT 1 MG TAB
15,5537,Alprazolam,Antianxiety Agent - Benzodiazepines,Mid - Augmentive ,ALPRAZOLAM ODT 0.5 MG TAB
16,5537,Alprazolam,Antianxiety Agent - Benzodiazepines,Mid - Augmentive ,ALPRAZOLAM ER 0.5 MG TABLET
17,7757,Alprazolam,Antianxiety Agent - Benzodiazepines,Mid - Augmentive ,ALPRAZOLAM INTENSOL 1 MG/ML
18,7757,Alprazolam,Antianxiety Agent - Benzodiazepines,Mid - Augmentive ,ALPRAZOLAM INTENSOL 1 MG/ML
19,7757,Alprazolam Intensol,Antianxiety Agent - Benzodiazepines,Mid - Augmentive ,ALPRAZOLAM INTENSOL 1 MG/ML
20,7757,Alprazolam Intensol,Antianxiety Agent - Benzodiazepines,Mid - Augmentive ,ALPRAZOLAM INTENSOL 1 MG/ML
21,1898,Amitriptyline,Antidepressant - Tricyclic-Benzodiazepine Combinations,Late,CHLORDIAZEPO-AMITRIPTYL 5-12.5
22,1898,Amitriptyline,Antidepressant - Tricyclic-Benzodiazepine Combinations,Late,CHLORDIAZEPOX-AMITRIPTYL 10-25
23,1898,Amitriptyline,Antidepressant - Tricyclic-Benzodiazepine Combinations,Late,CHLORDIAZEPO-AMITRIPTYL 5-12.5
24,1898,Amitriptyline,Antidepressant - Tricyclic-Benzodiazepine Combinations,Late,CHLORDIAZEPOX-AMITRIPTYL 10-25
25,2809,Amitriptyline,"Antidepressant - Tricyclic and Antipsychotic, Phenothiazine Comb",Late,PERPHEN-AMITRIP 4 MG-10 MG TAB
26,2809,Amitriptyline,"Antidepressant - Tricyclic and Antipsychotic, Phenothiazine Comb",Late,PERPHEN-AMITRIP 4 MG-50 MG TAB
27,2809,Amitriptyline,"Antidepressant - Tricyclic and Antipsychotic, Phenothiazine Comb",Late,PERPHEN-AMITRIP 4 MG-25 MG TAB
28,2809,Amitriptyline,"Antidepressant - Tricyclic and Antipsychotic, Phenothiazine Comb",Late,PERPHEN-AMITRIP 2 MG-10 MG TAB
29,2809,Amitriptyline,"Antidepressant - Tricyclic and Antipsychotic, Phenothiazine Comb",Late,PERPHEN-AMITRIP 2 MG-25 MG TAB
30,5515,Amitriptyline,Antidepressant-Tricyclics and Related (Non-Select Reuptake Inhibitors),Late,AMITRIPTYLINE HCL 25 MG TAB
31,5515,Amitriptyline,Antidepressant-Tricyclics and Related (Non-Select Reuptake Inhibitors),Late,AMITRIPTYLINE HCL 50 MG TAB
32,5515,Amitriptyline,Antidepressant-Tricyclics and Related (Non-Select Reuptake Inhibitors),Late,AMITRIPTYLINE HCL 10 MG TAB
33,5515,Amitriptyline,Antidepressant-Tricyclics and Related (Non-Select Reuptake Inhibitors),Late,AMITRIPTYLINE HCL 100 MG TAB
34,5515,Amitriptyline,Antidepressant-Tricyclics and Related (Non-Select Reuptake Inhibitors),Late,AMITRIPTYLINE HCL 75 MG TAB
35,5515,Amitriptyline,Antidepressant-Tricyclics and Related (Non-Select Reuptake Inhibitors),Late,AMITRIPTYLINE HCL 150 MG TAB
36,65030,Amitriptyline,Bulk Chemicals,Late,AMITRIPTYLINE HCL POWDER
37,10357,Amoxapine,Antidepressant-Tricyclics and Related (Non-Select Reuptake Inhibitors),Late,AMOXAPINE 150 MG TABLET
38,10357,Amoxapine,Antidepressant-Tricyclics and Related (Non-Select Reuptake Inhibitors),Late,AMOXAPINE 25 MG TABLET
39,10357,Amoxapine,Antidepressant-Tricyclics and Related (Non-Select Reuptake Inhibitors),Late,AMOXAPINE 100 MG TABLET
40,10357,Amoxapine,Antidepressant-Tricyclics and Related (Non-Select Reuptake Inhibitors),Late,AMOXAPINE 50 MG TABLET
41,317085,Aripiprazole,"Antipsychotic-Atypical,D2 Receptor Partial Agonist-5HT Serotonin Mixed",Mid - Augmentive ,
42,347317,Aripiprazole,"Antipsychotic-Atypical,D2 Receptor Partial Agonist-5HT Serotonin Mixed",Mid - Augmentive ,
43,57183,Aripiprazole,"Antipsychotic-Atypical,D2 Receptor Partial Agonist-5HT Serotonin Mixed",Mid - Augmentive ,ARIPIPRAZOLE 20 MG TABLET
44,57183,Aripiprazole,"Antipsychotic-Atypical,D2 Receptor Partial Agonist-5HT Serotonin Mixed",Mid - Augmentive ,ARIPIPRAZOLE 10 MG TABLET
45,57183,Aripiprazole,"Antipsychotic-Atypical,D2 Receptor Partial Agonist-5HT Serotonin Mixed",Mid - Augmentive ,ARIPIPRAZOLE 30 MG TABLET
46,57183,Aripiprazole,"Antipsychotic-Atypical,D2 Receptor Partial Agonist-5HT Serotonin Mixed",Mid - Augmentive ,ARIPIPRAZOLE 5 MG TABLET
47,57183,Aripiprazole,"Antipsychotic-Atypical,D2 Receptor Partial Agonist-5HT Serotonin Mixed",Mid - Augmentive ,ARIPIPRAZOLE ODT 10 MG TABLET
48,57183,Aripiprazole,"Antipsychotic-Atypical,D2 Receptor Partial Agonist-5HT Serotonin Mixed",Mid - Augmentive ,ARIPIPRAZOLE ODT 15 MG TABLET
49,57183,Aripiprazole,"Antipsychotic-Atypical,D2 Receptor Partial Agonist-5HT Serotonin Mixed",Mid - Augmentive ,ARIPIPRAZOLE 2 MG TABLET
50,57183,Aripiprazole,"Antipsychotic-Atypical,D2 Receptor Partial Agonist-5HT Serotonin Mixed",Mid - Augmentive ,ARIPIPRAZOLE 15 MG TABLET
51,114242,Armodafinil ,Narcolepsy Therapy Agents - Non-Sympathomimetic,Late,ARMODAFINIL 250 MG TABLET
52,114242,Armodafinil ,Narcolepsy Therapy Agents - Non-Sympathomimetic,Late,ARMODAFINIL 150 MG TABLET
53,114242,Armodafinil ,Narcolepsy Therapy Agents - Non-Sympathomimetic,Late,ARMODAFINIL 200 MG TABLET
54,114242,Armodafinil ,Narcolepsy Therapy Agents - Non-Sympathomimetic,Late,ARMODAFINIL 50 MG TABLET
55,114242,Armodafinil ,Narcolepsy Therapy Agents - Non-Sympathomimetic,Late,ARMODAFINIL 250 MG TABLET
56,114242,Armodafinil ,Narcolepsy Therapy Agents - Non-Sympathomimetic,Late,ARMODAFINIL 150 MG TABLET
57,114242,Armodafinil ,Narcolepsy Therapy Agents - Non-Sympathomimetic,Late,ARMODAFINIL 200 MG TABLET
58,114242,Armodafinil ,Narcolepsy Therapy Agents - Non-Sympathomimetic,Late,ARMODAFINIL 50 MG TABLET
59,57223,Atomoxetine,"Attention Deficit-Hyperactivity Disorder (ADHD) Therapy, NRI-Type",Late,ATOMOXETINE HCL 25 MG CAPSULE
60,57223,Atomoxetine,"Attention Deficit-Hyperactivity Disorder (ADHD) Therapy, NRI-Type",Late,ATOMOXETINE HCL 40 MG CAPSULE
61,57223,Atomoxetine,"Attention Deficit-Hyperactivity Disorder (ADHD) Therapy, NRI-Type",Late,ATOMOXETINE HCL 60 MG CAPSULE
62,57223,Atomoxetine,"Attention Deficit-Hyperactivity Disorder (ADHD) Therapy, NRI-Type",Late,ATOMOXETINE HCL 10 MG CAPSULE
63,57223,Atomoxetine,"Attention Deficit-Hyperactivity Disorder (ADHD) Therapy, NRI-Type",Late,ATOMOXETINE HCL 18 MG CAPSULE
64,57223,Atomoxetine,"Attention Deficit-Hyperactivity Disorder (ADHD) Therapy, NRI-Type",Late,ATOMOXETINE HCL 80 MG CAPSULE
65,57223,Atomoxetine,"Attention Deficit-Hyperactivity Disorder (ADHD) Therapy, NRI-Type",Late,ATOMOXETINE HCL 100 MG CAPSULE
66,355458,Brexanolone,Antidepressant - Neuroactive Steroid GABA-A Receptor Modulator,Early - Post Partum Only,
67,304545,Brexpiprazole,"Antipsychotic-Atypical,D2 Receptor Partial Agonist-5HT Serotonin Mixed",Late,
68,117582,Bupropion,Antidepressant-Norepinephrine and Dopamine Reuptake Inhibitors (NDRIs),Late,
69,12695,Bupropion,Antidepressant-Norepinephrine and Dopamine Reuptake Inhibitors (NDRIs),Late,BUPROPION HCL XL 150 MG TABLET
70,12695,Bupropion,Antidepressant-Norepinephrine and Dopamine Reuptake Inhibitors (NDRIs),Late,BUPROPION HCL SR 150 MG TABLET
71,12695,Bupropion,Antidepressant-Norepinephrine and Dopamine Reuptake Inhibitors (NDRIs),Late,BUPROPION HCL 75 MG TABLET
72,12695,Bupropion,Antidepressant-Norepinephrine and Dopamine Reuptake Inhibitors (NDRIs),Late,BUPROPION HCL 100 MG TABLET
73,12695,Bupropion,Antidepressant-Norepinephrine and Dopamine Reuptake Inhibitors (NDRIs),Late,BUPROPION HCL XL 300 MG TABLET
74,12695,Bupropion,Antidepressant-Norepinephrine and Dopamine Reuptake Inhibitors (NDRIs),Late,BUPROPION HCL SR 100 MG TABLET
75,12695,Bupropion,Antidepressant-Norepinephrine and Dopamine Reuptake Inhibitors (NDRIs),Late,BUPROPION HCL ER 200 MG TABLET
76,267165,Bupropion,Anti-Obesity-Opioid Antag/Norepinephrine and Dopamine Reuptake Inhibit,Late,
77,336530,Bupropion,Smoking Deterrents - NE and Dopamine Reuptake Inhibitor (NDRI)-Type,Late,BUPROPION HCL SR 150 MG TABLET
78,75769,Bupropion,Bulk Chemicals,Late,BUPROPION HCL POWDER
79,1686,Citalopram,Antidepressant - Selective Serotonin Reuptake Inhibitors (SSRIs),Early,CITALOPRAM HBR 20 MG/10 ML SOL
80,1686,Citalopram,Antidepressant - Selective Serotonin Reuptake Inhibitors (SSRIs),Early,CITALOPRAM HBR 10 MG TABLET
81,1686,Citalopram,Antidepressant - Selective Serotonin Reuptake Inhibitors (SSRIs),Early,CITALOPRAM HBR 40 MG TABLET
82,1686,Citalopram,Antidepressant - Selective Serotonin Reuptake Inhibitors (SSRIs),Early,CITALOPRAM HBR 20 MG TABLET
83,56749,Citalopram,Antidepressant - Selective Serotonin Reuptake Inhibitors (SSRIs),Early,ESCITALOPRAM OXALATE 10 MG/10 ML
84,56749,Citalopram,Antidepressant - Selective Serotonin Reuptake Inhibitors (SSRIs),Early,ESCITALOPRAM 20 MG TABLET
85,56749,Citalopram,Antidepressant - Selective Serotonin Reuptake Inhibitors (SSRIs),Early,ESCITALOPRAM 10 MG TABLET
86,56749,Citalopram,Antidepressant - Selective Serotonin Reuptake Inhibitors (SSRIs),Early,ESCITALOPRAM 5 MG TABLET
87,56749,Citalopram,Antidepressant - Selective Serotonin Reuptake Inhibitors (SSRIs),Early,ESCITALOPRAM OXALATE 10 MG/10 ML
88,56749,Citalopram,Antidepressant - Selective Serotonin Reuptake Inhibitors (SSRIs),Early,ESCITALOPRAM 20 MG TABLET
89,56749,Citalopram,Antidepressant - Selective Serotonin Reuptake Inhibitors (SSRIs),Early,ESCITALOPRAM 10 MG TABLET
90,56749,Citalopram,Antidepressant - Selective Serotonin Reuptake Inhibitors (SSRIs),Early,ESCITALOPRAM 5 MG TABLET
91,1296,Clomipramine,Antidepressant-Tricyclics and Related (Non-Select Reuptake Inhibitors),Late,CLOMIPRAMINE 25 MG CAPSULE
92,1296,Clomipramine,Antidepressant-Tricyclics and Related (Non-Select Reuptake Inhibitors),Late,CLOMIPRAMINE 50 MG CAPSULE
93,1296,Clomipramine,Antidepressant-Tricyclics and Related (Non-Select Reuptake Inhibitors),Late,CLOMIPRAMINE 75 MG CAPSULE
94,64888,Clomipramine,Bulk Chemicals,Late,CLOMIPRAMINE HCL POWDER
95,5074,Clozapine,Antipsychotic - Atypical Dopamine-Serotonin Antag-Dibenzodiazepine Der,Mid - Augmentive ,CLOZAPINE ODT 25 MG TABLET
96,5074,Clozapine,Antipsychotic - Atypical Dopamine-Serotonin Antag-Dibenzodiazepine Der,Mid - Augmentive ,CLOZAPINE ODT 200 MG TABLET
97,5074,Clozapine,Antipsychotic - Atypical Dopamine-Serotonin Antag-Dibenzodiazepine Der,Mid - Augmentive ,CLOZAPINE ODT 150 MG TABLET
98,5074,Clozapine,Antipsychotic - Atypical Dopamine-Serotonin Antag-Dibenzodiazepine Der,Mid - Augmentive ,CLOZAPINE 200 MG TABLET
99,5074,Clozapine,Antipsychotic - Atypical Dopamine-Serotonin Antag-Dibenzodiazepine Der,Mid - Augmentive ,CLOZAPINE ODT 12.5 MG TABLET
100,5074,Clozapine,Antipsychotic - Atypical Dopamine-Serotonin Antag-Dibenzodiazepine Der,Mid - Augmentive ,CLOZAPINE 100 MG TABLET
101,5074,Clozapine,Antipsychotic - Atypical Dopamine-Serotonin Antag-Dibenzodiazepine Der,Mid - Augmentive ,CLOZAPINE 25 MG TABLET
102,5074,Clozapine,Antipsychotic - Atypical Dopamine-Serotonin Antag-Dibenzodiazepine Der,Mid - Augmentive ,CLOZAPINE 50 MG TABLET
103,5074,Clozapine,Antipsychotic - Atypical Dopamine-Serotonin Antag-Dibenzodiazepine Der,Mid - Augmentive ,CLOZAPINE ODT 100 MG TABLET
104,218186,Deplin,Vitamins - Folic Acid and Derivatives,Mid - Augmentive ,DEPLIN-ALGAL OIL 15 MG CAPSULE
105,218186,Deplin,Vitamins - Folic Acid and Derivatives,Mid - Augmentive ,DEPLIN-ALGAL OIL 7.5 MG CAP
106,341574,Desipramine,Bulk Chemicals,Late,DESIPRAMINE HCL POWDER
107,7173,Desipramine,Antidepressant-Tricyclics and Related (Non-Select Reuptake Inhibitors),Late,DESIPRAMINE 25 MG TABLET
108,7173,Desipramine,Antidepressant-Tricyclics and Related (Non-Select Reuptake Inhibitors),Late,DESIPRAMINE 50 MG TABLET
109,7173,Desipramine,Antidepressant-Tricyclics and Related (Non-Select Reuptake Inhibitors),Late,DESIPRAMINE 100 MG TABLET
110,7173,Desipramine,Antidepressant-Tricyclics and Related (Non-Select Reuptake Inhibitors),Late,DESIPRAMINE 10 MG TABLET
111,7173,Desipramine,Antidepressant-Tricyclics and Related (Non-Select Reuptake Inhibitors),Late,DESIPRAMINE 75 MG TABLET
112,7173,Desipramine,Antidepressant-Tricyclics and Related (Non-Select Reuptake Inhibitors),Late,DESIPRAMINE 150 MG TABLET
113,115807,Desvenlafaxine ,Antidepressant - Serotonin-Norepinephrine Reuptake Inhibitors (SNRIs),Early,DESVENLAFAXINE SUCCNT ER 50 MG
114,115807,Desvenlafaxine ,Antidepressant - Serotonin-Norepinephrine Reuptake Inhibitors (SNRIs),Early,DESVENLAFAXINE SUCCNT ER 100 MG
115,115807,Desvenlafaxine ,Antidepressant - Serotonin-Norepinephrine Reuptake Inhibitors (SNRIs),Early,DESVENLAFAXINE SUCCNT ER 25 MG
116,115807,Desvenlafaxine ,Antidepressant - Serotonin-Norepinephrine Reuptake Inhibitors (SNRIs),Early,DESVENLAFAXINE SUCCNT ER 50 MG
117,115807,Desvenlafaxine ,Antidepressant - Serotonin-Norepinephrine Reuptake Inhibitors (SNRIs),Early,DESVENLAFAXINE SUCCNT ER 100 MG
118,115807,Desvenlafaxine ,Antidepressant - Serotonin-Norepinephrine Reuptake Inhibitors (SNRIs),Early,DESVENLAFAXINE SUCCNT ER 25 MG
119,221005,Desvenlafaxine ,Antidepressant - Serotonin-Norepinephrine Reuptake Inhibitors (SNRIs),Early,DESVENLAFAXINE ER 50 MG TABLET
120,221005,Desvenlafaxine ,Antidepressant - Serotonin-Norepinephrine Reuptake Inhibitors (SNRIs),Early,DESVENLAFAXINE ER 100 MG TAB
121,221005,Desvenlafaxine ,Antidepressant - Serotonin-Norepinephrine Reuptake Inhibitors (SNRIs),Early,DESVENLAFAXINE ER 100 MG TAB
122,221005,Desvenlafaxine ,Antidepressant - Serotonin-Norepinephrine Reuptake Inhibitors (SNRIs),Early,DESVENLAFAXINE ER 50 MG TAB
123,221005,Desvenlafaxine ,Antidepressant - Serotonin-Norepinephrine Reuptake Inhibitors (SNRIs),Early,DESVENLAFAXINE ER 50 MG TABLET
124,221005,Desvenlafaxine ,Antidepressant - Serotonin-Norepinephrine Reuptake Inhibitors (SNRIs),Early,DESVENLAFAXINE ER 100 MG TAB
125,221005,Desvenlafaxine ,Antidepressant - Serotonin-Norepinephrine Reuptake Inhibitors (SNRIs),Early,DESVENLAFAXINE ER 100 MG TAB
126,221005,Desvenlafaxine ,Antidepressant - Serotonin-Norepinephrine Reuptake Inhibitors (SNRIs),Early,DESVENLAFAXINE ER 50 MG TAB
127,341467,Doxepin,Bulk Chemicals,Late,DOXEPIN HCL POWDER
128,7195,Doxepin,None,Late,DOXEPIN 10 MG CAPSULE
129,7195,Doxepin,None,Late,DOXEPIN 25 MG CAPSULE
130,7195,Doxepin,None,Late,DOXEPIN 50 MG CAPSULE
131,7195,Doxepin,None,Late,DOXEPIN 150 MG CAPSULE
132,7195,Doxepin,None,Late,DOXEPIN 75 MG CAPSULE
133,7195,Doxepin,None,Late,DOXEPIN 100 MG CAPSULE
134,7195,Doxepin,None,Late,DOXEPIN 5% CREAM
135,7195,Doxepin,None,Late,DOXEPIN HCL 3 MG TABLET
136,7195,Doxepin,None,Late,DOXEPIN HCL 6 MG TABLET
137,7195,Doxepin,None,Late,DOXEPIN 10 MG/ML ORAL CONC
138,257685,Duloxetine,Bulk Chemicals,Early,DULOXETINE HCL POWDER
139,77832,Duloxetine,Antidepressant - Serotonin-Norepinephrine Reuptake Inhibitors (SNRIs),Early,DULOXETINE HCL DR 20 MG CAP
140,77832,Duloxetine,Antidepressant - Serotonin-Norepinephrine Reuptake Inhibitors (SNRIs),Early,DULOXETINE HCL DR 30 MG CAP
141,77832,Duloxetine,Antidepressant - Serotonin-Norepinephrine Reuptake Inhibitors (SNRIs),Early,DULOXETINE HCL DR 60 MG CAP
142,77832,Duloxetine,Antidepressant - Serotonin-Norepinephrine Reuptake Inhibitors (SNRIs),Early,DULOXETINE HCL DR 40 MG CAP
143,56749,Escitalopram,Antidepressant - Selective Serotonin Reuptake Inhibitors (SSRIs),Early,ESCITALOPRAM OXALATE 10 MG/10 ML
144,56749,Escitalopram,Antidepressant - Selective Serotonin Reuptake Inhibitors (SSRIs),Early,ESCITALOPRAM 20 MG TABLET
145,56749,Escitalopram,Antidepressant - Selective Serotonin Reuptake Inhibitors (SSRIs),Early,ESCITALOPRAM 10 MG TABLET
146,56749,Escitalopram,Antidepressant - Selective Serotonin Reuptake Inhibitors (SSRIs),Early,ESCITALOPRAM 5 MG TABLET
147,56749,Escitalopram,Antidepressant - Selective Serotonin Reuptake Inhibitors (SSRIs),Early,ESCITALOPRAM OXALATE 10 MG/10 ML
148,56749,Escitalopram,Antidepressant - Selective Serotonin Reuptake Inhibitors (SSRIs),Early,ESCITALOPRAM 20 MG TABLET
149,56749,Escitalopram,Antidepressant - Selective Serotonin Reuptake Inhibitors (SSRIs),Early,ESCITALOPRAM 10 MG TABLET
150,56749,Escitalopram,Antidepressant - Selective Serotonin Reuptake Inhibitors (SSRIs),Early,ESCITALOPRAM 5 MG TABLET
151,354516,Esketamine,Antidepressant - N-methyl D-aspartate (NMDA) receptor antagonist,Late,
152,1756,Fluoxetine,Antidepressant - Selective Serotonin Reuptake Inhibitors (SSRIs),Early,FLUOXETINE HCL 10 MG TABLET
153,1756,Fluoxetine,Antidepressant - Selective Serotonin Reuptake Inhibitors (SSRIs),Early,FLUOXETINE HCL 20 MG TABLET
154,1756,Fluoxetine,Antidepressant - Selective Serotonin Reuptake Inhibitors (SSRIs),Early,FLUOXETINE HCL 40 MG CAPSULE
155,1756,Fluoxetine,Antidepressant - Selective Serotonin Reuptake Inhibitors (SSRIs),Early,FLUOXETINE HCL 20 MG CAPSULE
156,1756,Fluoxetine,Antidepressant - Selective Serotonin Reuptake Inhibitors (SSRIs),Early,FLUOXETINE HCL 10 MG CAPSULE
157,1756,Fluoxetine,Antidepressant - Selective Serotonin Reuptake Inhibitors (SSRIs),Early,FLUOXETINE HCL 60 MG TABLET
158,1756,Fluoxetine,Antidepressant - Selective Serotonin Reuptake Inhibitors (SSRIs),Early,FLUOXETINE 20 MG/5 ML SOLUTION
159,64785,Fluoxetine,"Antidepressant- SSRI and Atypical Antipsych,Dopamine,Serotonin Antagon",Early,OLANZAPINE-FLUOXETINE 3-25 MG
160,64785,Fluoxetine,"Antidepressant- SSRI and Atypical Antipsych,Dopamine,Serotonin Antagon",Early,OLANZAPINE-FLUOXETINE 6-25 MG
161,64785,Fluoxetine,"Antidepressant- SSRI and Atypical Antipsych,Dopamine,Serotonin Antagon",Early,OLANZAPINE-FLUOXETINE 6-50 MG
162,64785,Fluoxetine,"Antidepressant- SSRI and Atypical Antipsych,Dopamine,Serotonin Antagon",Early,OLANZAPINE-FLUOXETINE 12-25 MG
163,64785,Fluoxetine,"Antidepressant- SSRI and Atypical Antipsych,Dopamine,Serotonin Antagon",Early,OLANZAPINE-FLUOXETINE 12-50 MG
164,64785,Fluoxetine,"Antidepressant- SSRI and Atypical Antipsych,Dopamine,Serotonin Antagon",Early,OLANZAPINE-FLUOXETINE 3-25 MG
165,64785,Fluoxetine,"Antidepressant- SSRI and Atypical Antipsych,Dopamine,Serotonin Antagon",Early,OLANZAPINE-FLUOXETINE 6-25 MG
166,64785,Fluoxetine,"Antidepressant- SSRI and Atypical Antipsych,Dopamine,Serotonin Antagon",Early,OLANZAPINE-FLUOXETINE 6-50 MG
167,64785,Fluoxetine,"Antidepressant- SSRI and Atypical Antipsych,Dopamine,Serotonin Antagon",Early,OLANZAPINE-FLUOXETINE 12-25 MG
168,64785,Fluoxetine,"Antidepressant- SSRI and Atypical Antipsych,Dopamine,Serotonin Antagon",Early,OLANZAPINE-FLUOXETINE 12-50 MG
169,64785,Fluoxetine,"Antidepressant- SSRI and Atypical Antipsych,Dopamine,Serotonin Antagon",Early,OLANZAPINE-FLUOXETINE 3-25 MG
170,64785,Fluoxetine,"Antidepressant- SSRI and Atypical Antipsych,Dopamine,Serotonin Antagon",Early,OLANZAPINE-FLUOXETINE 6-25 MG
171,64785,Fluoxetine,"Antidepressant- SSRI and Atypical Antipsych,Dopamine,Serotonin Antagon",Early,OLANZAPINE-FLUOXETINE 6-50 MG
172,64785,Fluoxetine,"Antidepressant- SSRI and Atypical Antipsych,Dopamine,Serotonin Antagon",Early,OLANZAPINE-FLUOXETINE 12-25 MG
173,64785,Fluoxetine,"Antidepressant- SSRI and Atypical Antipsych,Dopamine,Serotonin Antagon",Early,OLANZAPINE-FLUOXETINE 12-50 MG
174,79948,Fluoxetine,Bulk Chemicals,Early,FLUOXETINE HCL POWDER
175,240765,Lamotrigine,Bulk Chemicals,Late,LAMOTRIGINE POWDER
176,4162,Imipramine,Antidepressant-Tricyclics and Related (Non-Select Reuptake Inhibitors),Late,IMIPRAMINE HCL 50 MG TABLET
177,4162,Imipramine,Antidepressant-Tricyclics and Related (Non-Select Reuptake Inhibitors),Late,IMIPRAMINE HCL 25 MG TABLET
178,4162,Imipramine,Antidepressant-Tricyclics and Related (Non-Select Reuptake Inhibitors),Late,IMIPRAMINE HCL 10 MG TABLET
179,6768,Imipramine,Antidepressant-Tricyclics and Related (Non-Select Reuptake Inhibitors),Late,TRIMIPRAMINE MALEATE 25 MG CAP
180,6768,Imipramine,Antidepressant-Tricyclics and Related (Non-Select Reuptake Inhibitors),Late,TRIMIPRAMINE MALEATE 50 MG CAP
181,6768,Imipramine,Antidepressant-Tricyclics and Related (Non-Select Reuptake Inhibitors),Late,TRIMIPRAMINE MALEATE 100 MG CP
182,6768,Imipramine,Antidepressant-Tricyclics and Related (Non-Select Reuptake Inhibitors),Late,TRIMIPRAMINE MALEATE 25 MG CAP
183,6768,Imipramine,Antidepressant-Tricyclics and Related (Non-Select Reuptake Inhibitors),Late,TRIMIPRAMINE MALEATE 50 MG CAP
184,6768,Imipramine,Antidepressant-Tricyclics and Related (Non-Select Reuptake Inhibitors),Late,TRIMIPRAMINE MALEATE 100 MG CP
185,6785,Imipramine,Antidepressant-Tricyclics and Related (Non-Select Reuptake Inhibitors),Late,IMIPRAMINE PAMOATE 125 MG CAP
186,6785,Imipramine,Antidepressant-Tricyclics and Related (Non-Select Reuptake Inhibitors),Late,IMIPRAMINE PAMOATE 150 MG CAP
187,6785,Imipramine,Antidepressant-Tricyclics and Related (Non-Select Reuptake Inhibitors),Late,IMIPRAMINE PAMOATE 100 MG CAP
188,6785,Imipramine,Antidepressant-Tricyclics and Related (Non-Select Reuptake Inhibitors),Late,IMIPRAMINE PAMOATE 75 MG CAP
189,79413,Imipramine,Bulk Chemicals,Late,IMIPRAMINE HCL POWDER
190,11224,Isocarboxzaid,"Antidepressant - MAO Inhibitor Nonselective and Irreversible-Types A,B",Late,
191,4478,Lamotrigine,Anticonvulsant - Phenyltriazine Derivatives,Late,LAMOTRIGINE ODT 25 MG TABLET
192,4478,Lamotrigine,Anticonvulsant - Phenyltriazine Derivatives,Late,LAMOTRIGINE ODT 50 MG TABLET
193,4478,Lamotrigine,Anticonvulsant - Phenyltriazine Derivatives,Late,LAMOTRIGINE ODT 100 MG TABLET
194,4478,Lamotrigine,Anticonvulsant - Phenyltriazine Derivatives,Late,LAMOTRIGINE ODT 200 MG TABLET
195,4478,Lamotrigine,Anticonvulsant - Phenyltriazine Derivatives,Late,LAMOTRIGINE 25 MG TABLET
196,4478,Lamotrigine,Anticonvulsant - Phenyltriazine Derivatives,Late,LAMOTRIGINE 200 MG TABLET
197,4478,Lamotrigine,Anticonvulsant - Phenyltriazine Derivatives,Late,LAMOTRIGINE 100 MG TABLET
198,4478,Lamotrigine,Anticonvulsant - Phenyltriazine Derivatives,Late,LAMOTRIGINE 150 MG TABLET
199,4478,Lamotrigine,Anticonvulsant - Phenyltriazine Derivatives,Late,LAMOTRIGINE ER 50 MG TABLET
200,4478,Lamotrigine,Anticonvulsant - Phenyltriazine Derivatives,Late,LAMOTRIGINE ER 200 MG TABLET
201,4478,Lamotrigine,Anticonvulsant - Phenyltriazine Derivatives,Late,LAMOTRIGINE 5 MG DISPER TABLET
202,4478,Lamotrigine,Anticonvulsant - Phenyltriazine Derivatives,Late,LAMOTRIGINE 25 MG DISPER TAB
203,4478,Lamotrigine,Anticonvulsant - Phenyltriazine Derivatives,Late,LAMOTRIGINE ER 25 MG TABLET
204,4478,Lamotrigine,Anticonvulsant - Phenyltriazine Derivatives,Late,LAMOTRIGINE ER 100 MG TABLET
205,4478,Lamotrigine,Anticonvulsant - Phenyltriazine Derivatives,Late,LAMOTRIGINE ER 250 MG TABLET
206,4478,Lamotrigine,Anticonvulsant - Phenyltriazine Derivatives,Late,LAMOTRIGINE ER 300 MG TABLET
207,238245,Levomilnacipran,Antidepressant - Serotonin-Norepinephrine Reuptake Inhibitors (SNRIs),Early,
208,116799,Liothyronine,Bulk Chemicals,Mid - Augmentive ,LIOTHYRONINE SODIUM POWDER
209,116799,Liothyronine,Bulk Chemicals,Mid - Augmentive ,LIOTHYRONINE SOD 1:1000 DILUTN
210,7398,Liothyronine,Thyroid Hormones - Synthetic T3 (Triiodothyronine),Mid - Augmentive ,LIOTHYRONINE SOD 50 MCG TAB
211,7398,Liothyronine,Thyroid Hormones - Synthetic T3 (Triiodothyronine),Mid - Augmentive ,LIOTHYRONINE SOD 25 MCG TAB
212,7398,Liothyronine,Thyroid Hormones - Synthetic T3 (Triiodothyronine),Mid - Augmentive ,LIOTHYRONINE SOD 5 MCG TAB
213,7398,Liothyronine,Thyroid Hormones - Synthetic T3 (Triiodothyronine),Mid - Augmentive ,LIOTHYRONINE SOD 10 MCG/ML VL
214,113323,Lisdexamfetamine,"Attention Deficit-Hyperactivity (ADHD) Therapy, Stimulant-Type",Mid - Augmentive ,
215,113864,Lithium,Bulk Chemicals,Mid - Augmentive ,LITHIUM CARBONATE POWDER
216,115132,Lithium,Dietary Product - Dietary Supplements,Mid - Augmentive ,
217,131380,Lithium,Bulk Chemicals,Mid - Augmentive ,LITHIUM CITRATE TETRAHYD POWD
218,13450,Lithium,Bipolar Therapy Agents - Lithium,Mid - Augmentive ,LITHIUM 8 MEQ/5 ML SOLUTION
219,13450,Lithium,Bipolar Therapy Agents - Lithium,Mid - Augmentive ,LITHIUM 8 MEQ/5 ML SOLUTION
220,1438,Lithium,Bipolar Therapy Agents - Lithium,Mid - Augmentive ,LITHIUM CARBONATE 300 MG CAP
221,1438,Lithium,Bipolar Therapy Agents - Lithium,Mid - Augmentive ,LITHIUM CARBONATE 150 MG CAP
222,1438,Lithium,Bipolar Therapy Agents - Lithium,Mid - Augmentive ,LITHIUM CARBONATE ER 450 MG TB
223,1438,Lithium,Bipolar Therapy Agents - Lithium,Mid - Augmentive ,LITHIUM CARBONATE ER 300 MG TB
224,1438,Lithium,Bipolar Therapy Agents - Lithium,Mid - Augmentive ,LITHIUM CARBONATE 300 MG TAB
225,1438,Lithium,Bipolar Therapy Agents - Lithium,Mid - Augmentive ,LITHIUM CARBONATE 600 MG CAP
226,8223,Maprotiline,Antidepressant-Tricyclics and Related (Non-Select Reuptake Inhibitors),Late,MAPROTILINE 25 MG TABLET
227,8223,Maprotiline,Antidepressant-Tricyclics and Related (Non-Select Reuptake Inhibitors),Late,MAPROTILINE 75 MG TABLET
228,8223,Maprotiline,Antidepressant-Tricyclics and Related (Non-Select Reuptake Inhibitors),Late,MAPROTILINE 50 MG TABLET
229,11340,Methylphenidate,"Attention Deficit-Hyperactivity (ADHD) Therapy, Stimulant-Type",Late,METHYLPHENIDATE 5 MG/5 ML SOLN
230,11340,Methylphenidate,"Attention Deficit-Hyperactivity (ADHD) Therapy, Stimulant-Type",Late,METHYLPHENIDATE ER 10 MG CAP
231,11340,Methylphenidate,"Attention Deficit-Hyperactivity (ADHD) Therapy, Stimulant-Type",Late,METHYLPHENIDATE ER 15 MG CAP
232,11340,Methylphenidate,"Attention Deficit-Hyperactivity (ADHD) Therapy, Stimulant-Type",Late,METHYLPHENIDATE ER 20 MG CAP
233,11340,Methylphenidate,"Attention Deficit-Hyperactivity (ADHD) Therapy, Stimulant-Type",Late,METHYLPHENIDATE ER 30 MG CAP
234,11340,Methylphenidate,"Attention Deficit-Hyperactivity (ADHD) Therapy, Stimulant-Type",Late,METHYLPHENIDATE ER 40 MG CAP
235,11340,Methylphenidate,"Attention Deficit-Hyperactivity (ADHD) Therapy, Stimulant-Type",Late,METHYLPHENIDATE ER 50 MG CAP
236,11340,Methylphenidate,"Attention Deficit-Hyperactivity (ADHD) Therapy, Stimulant-Type",Late,METHYLPHENIDATE ER 60 MG CAP
237,11340,Methylphenidate,"Attention Deficit-Hyperactivity (ADHD) Therapy, Stimulant-Type",Late,METHYLPHENIDATE ER(LA) 10 MG CP
238,11340,Methylphenidate,"Attention Deficit-Hyperactivity (ADHD) Therapy, Stimulant-Type",Late,METHYLPHENIDATE ER 18 MG TAB
239,11340,Methylphenidate,"Attention Deficit-Hyperactivity (ADHD) Therapy, Stimulant-Type",Late,METHYLPHENIDATE ER 27 MG TAB
240,11340,Methylphenidate,"Attention Deficit-Hyperactivity (ADHD) Therapy, Stimulant-Type",Late,METHYLPHENIDATE ER 36 MG TAB
241,11340,Methylphenidate,"Attention Deficit-Hyperactivity (ADHD) Therapy, Stimulant-Type",Late,METHYLPHENIDATE ER 54 MG TAB
242,11340,Methylphenidate,"Attention Deficit-Hyperactivity (ADHD) Therapy, Stimulant-Type",Late,METHYLPHENIDATE CD 60 MG CAP
243,11340,Methylphenidate,"Attention Deficit-Hyperactivity (ADHD) Therapy, Stimulant-Type",Late,METHYLPHENIDATE LA 30 MG CAP
244,11340,Methylphenidate,"Attention Deficit-Hyperactivity (ADHD) Therapy, Stimulant-Type",Late,METHYLPHENIDATE LA 40 MG CAP
245,11340,Methylphenidate,"Attention Deficit-Hyperactivity (ADHD) Therapy, Stimulant-Type",Late,METHYLPHENIDATE CD 50 MG CAP
246,11340,Methylphenidate,"Attention Deficit-Hyperactivity (ADHD) Therapy, Stimulant-Type",Late,METHYLPHENIDATE LA 20 MG CAP
247,11340,Methylphenidate,"Attention Deficit-Hyperactivity (ADHD) Therapy, Stimulant-Type",Late,METHYLPHENIDATE CD 10 MG CAP
248,11340,Methylphenidate,"Attention Deficit-Hyperactivity (ADHD) Therapy, Stimulant-Type",Late,METHYLPHENIDATE CD 30 MG CAP
249,11340,Methylphenidate,"Attention Deficit-Hyperactivity (ADHD) Therapy, Stimulant-Type",Late,METHYLPHENIDATE CD 20 MG CAP
250,11340,Methylphenidate,"Attention Deficit-Hyperactivity (ADHD) Therapy, Stimulant-Type",Late,METHYLPHENIDATE CD 40 MG CAP
251,11340,Methylphenidate,"Attention Deficit-Hyperactivity (ADHD) Therapy, Stimulant-Type",Late,METHYLPHENIDATE 10 MG/5 ML SOL
252,11340,Methylphenidate,"Attention Deficit-Hyperactivity (ADHD) Therapy, Stimulant-Type",Late,METHYLPHENIDATE 5 MG TABLET
253,11340,Methylphenidate,"Attention Deficit-Hyperactivity (ADHD) Therapy, Stimulant-Type",Late,METHYLPHENIDATE 10 MG TABLET
254,11340,Methylphenidate,"Attention Deficit-Hyperactivity (ADHD) Therapy, Stimulant-Type",Late,METHYLPHENIDATE 20 MG TABLET
255,11340,Methylphenidate,"Attention Deficit-Hyperactivity (ADHD) Therapy, Stimulant-Type",Late,METHYLPHENIDATE ER 10 MG TAB
256,11340,Methylphenidate,"Attention Deficit-Hyperactivity (ADHD) Therapy, Stimulant-Type",Late,METHYLPHENIDATE ER 20 MG TAB
257,20860,Methylphenidate,"Attention Deficit-Hyperactivity (ADHD) Therapy, Stimulant-Type",Late,DEXMETHYLPHENIDATE 2.5 MG TAB
258,20860,Methylphenidate,"Attention Deficit-Hyperactivity (ADHD) Therapy, Stimulant-Type",Late,DEXMETHYLPHENIDATE 5 MG TAB
259,20860,Methylphenidate,"Attention Deficit-Hyperactivity (ADHD) Therapy, Stimulant-Type",Late,DEXMETHYLPHENIDATE 10 MG TAB
260,20860,Methylphenidate,"Attention Deficit-Hyperactivity (ADHD) Therapy, Stimulant-Type",Late,DEXMETHYLPHENIDATE ER 35 MG CP
261,20860,Methylphenidate,"Attention Deficit-Hyperactivity (ADHD) Therapy, Stimulant-Type",Late,DEXMETHYLPHENIDATE ER 5 MG CAP
262,20860,Methylphenidate,"Attention Deficit-Hyperactivity (ADHD) Therapy, Stimulant-Type",Late,DEXMETHYLPHENIDATE ER 15 MG CP
263,20860,Methylphenidate,"Attention Deficit-Hyperactivity (ADHD) Therapy, Stimulant-Type",Late,DEXMETHYLPHENIDATE ER 30 MG CP
264,20860,Methylphenidate,"Attention Deficit-Hyperactivity (ADHD) Therapy, Stimulant-Type",Late,DEXMETHYLPHENIDATE ER 10 MG CP
265,20860,Methylphenidate,"Attention Deficit-Hyperactivity (ADHD) Therapy, Stimulant-Type",Late,DEXMETHYLPHENIDATE ER 20 MG CP
266,20860,Methylphenidate,"Attention Deficit-Hyperactivity (ADHD) Therapy, Stimulant-Type",Late,DEXMETHYLPHENIDATE ER 25 MG CP
267,20860,Methylphenidate,"Attention Deficit-Hyperactivity (ADHD) Therapy, Stimulant-Type",Late,DEXMETHYLPHENIDATE ER 40 MG CP
268,341485,Methylphenidate,Bulk Chemicals,Late,METHYLPHENIDATE HCL POWDER
269,341945,Methylphenidate,"Attention Deficit-Hyperactivity (ADHD) Therapy, Stimulant-Type",Late,
270,80315,Trazdone,Bulk Chemicals,Early,ANDROSTENEDIONE POWDER
271,12826,Mirtazapine,Antidepressant - Alpha-2 Receptor Antagonists (NaSSA),Mid - Augmentive ,MIRTAZAPINE 15 MG ODT
272,12826,Mirtazapine,Antidepressant - Alpha-2 Receptor Antagonists (NaSSA),Mid - Augmentive ,MIRTAZAPINE 30 MG ODT
273,12826,Mirtazapine,Antidepressant - Alpha-2 Receptor Antagonists (NaSSA),Mid - Augmentive ,MIRTAZAPINE 45 MG ODT
274,12826,Mirtazapine,Antidepressant - Alpha-2 Receptor Antagonists (NaSSA),Mid - Augmentive ,MIRTAZAPINE 30 MG TABLET
275,12826,Mirtazapine,Antidepressant - Alpha-2 Receptor Antagonists (NaSSA),Mid - Augmentive ,MIRTAZAPINE 15 MG TABLET
276,12826,Mirtazapine,Antidepressant - Alpha-2 Receptor Antagonists (NaSSA),Mid - Augmentive ,MIRTAZAPINE 45 MG TABLET
277,12826,Mirtazapine,Antidepressant - Alpha-2 Receptor Antagonists (NaSSA),Mid - Augmentive ,MIRTAZAPINE 7.5 MG TABLET
278,114242,Modafinil,Narcolepsy Therapy Agents - Non-Sympathomimetic,Mid - Augmentive ,ARMODAFINIL 250 MG TABLET
279,114242,Modafinil,Narcolepsy Therapy Agents - Non-Sympathomimetic,Mid - Augmentive ,ARMODAFINIL 150 MG TABLET
280,114242,Modafinil,Narcolepsy Therapy Agents - Non-Sympathomimetic,Mid - Augmentive ,ARMODAFINIL 200 MG TABLET
281,114242,Modafinil,Narcolepsy Therapy Agents - Non-Sympathomimetic,Mid - Augmentive ,ARMODAFINIL 50 MG TABLET
282,114242,Modafinil,Narcolepsy Therapy Agents - Non-Sympathomimetic,Mid - Augmentive ,ARMODAFINIL 250 MG TABLET
283,114242,Modafinil,Narcolepsy Therapy Agents - Non-Sympathomimetic,Mid - Augmentive ,ARMODAFINIL 150 MG TABLET
284,114242,Modafinil,Narcolepsy Therapy Agents - Non-Sympathomimetic,Mid - Augmentive ,ARMODAFINIL 200 MG TABLET
285,114242,Modafinil,Narcolepsy Therapy Agents - Non-Sympathomimetic,Mid - Augmentive ,ARMODAFINIL 50 MG TABLET
286,15943,Modafinil,Narcolepsy Therapy Agents - Non-Sympathomimetic,Mid - Augmentive ,MODAFINIL 200 MG TABLET
287,15943,Modafinil,Narcolepsy Therapy Agents - Non-Sympathomimetic,Mid - Augmentive ,MODAFINIL 100 MG TABLET
288,4199,Nefazodone,Antidepressant - Serotonin-2 Antagonist-Reuptake Inhibitors (SARIs),Late,NEFAZODONE HCL 250 MG TABLET
289,4199,Nefazodone,Antidepressant - Serotonin-2 Antagonist-Reuptake Inhibitors (SARIs),Late,NEFAZODONE HCL 50 MG TABLET
290,4199,Nefazodone,Antidepressant - Serotonin-2 Antagonist-Reuptake Inhibitors (SARIs),Late,NEFAZODONE HCL 150 MG TABLET
291,4199,Nefazodone,Antidepressant - Serotonin-2 Antagonist-Reuptake Inhibitors (SARIs),Late,NEFAZODONE HCL 100 MG TABLET
292,4199,Nefazodone,Antidepressant - Serotonin-2 Antagonist-Reuptake Inhibitors (SARIs),Late,NEFAZODONE HCL 200 MG TABLET
293,65047,Nortriptyline,Bulk Chemicals,Late,NORTRIPTYLINE HCL POWDER
294,7867,Nortriptyline,Antidepressant-Tricyclics and Related (Non-Select Reuptake Inhibitors),Late,NORTRIPTYLINE HCL 50 MG CAP
295,7867,Nortriptyline,Antidepressant-Tricyclics and Related (Non-Select Reuptake Inhibitors),Late,NORTRIPTYLINE HCL 75 MG CAP
296,7867,Nortriptyline,Antidepressant-Tricyclics and Related (Non-Select Reuptake Inhibitors),Late,NORTRIPTYLINE HCL 25 MG CAP
297,7867,Nortriptyline,Antidepressant-Tricyclics and Related (Non-Select Reuptake Inhibitors),Late,NORTRIPTYLINE HCL 10 MG CAP
298,7867,Nortriptyline,Antidepressant-Tricyclics and Related (Non-Select Reuptake Inhibitors),Late,NORTRIPTYLINE 10 MG/5 ML SOLN
299,119208,Olanzapine,Antipsychotic -Atypical Dopamine-Serotonin Antag-Thienobenzodiazepines,Mid - Augmentive ,
300,1630,Olanzapine,Antipsychotic -Atypical Dopamine-Serotonin Antag-Thienobenzodiazepines,Mid - Augmentive ,OLANZAPINE 10 MG TABLET
301,1630,Olanzapine,Antipsychotic -Atypical Dopamine-Serotonin Antag-Thienobenzodiazepines,Mid - Augmentive ,OLANZAPINE ODT 5 MG TABLET
302,1630,Olanzapine,Antipsychotic -Atypical Dopamine-Serotonin Antag-Thienobenzodiazepines,Mid - Augmentive ,OLANZAPINE ODT 10 MG TABLET
303,1630,Olanzapine,Antipsychotic -Atypical Dopamine-Serotonin Antag-Thienobenzodiazepines,Mid - Augmentive ,OLANZAPINE 10 MG VIAL
304,1630,Olanzapine,Antipsychotic -Atypical Dopamine-Serotonin Antag-Thienobenzodiazepines,Mid - Augmentive ,OLANZAPINE ODT 15 MG TABLET
305,1630,Olanzapine,Antipsychotic -Atypical Dopamine-Serotonin Antag-Thienobenzodiazepines,Mid - Augmentive ,OLANZAPINE ODT 20 MG TABLET
306,1630,Olanzapine,Antipsychotic -Atypical Dopamine-Serotonin Antag-Thienobenzodiazepines,Mid - Augmentive ,OLANZAPINE 2.5 MG TABLET
307,1630,Olanzapine,Antipsychotic -Atypical Dopamine-Serotonin Antag-Thienobenzodiazepines,Mid - Augmentive ,OLANZAPINE 5 MG TABLET
308,1630,Olanzapine,Antipsychotic -Atypical Dopamine-Serotonin Antag-Thienobenzodiazepines,Mid - Augmentive ,OLANZAPINE 7.5 MG TABLET
309,1630,Olanzapine,Antipsychotic -Atypical Dopamine-Serotonin Antag-Thienobenzodiazepines,Mid - Augmentive ,OLANZAPINE 15 MG TABLET
310,1630,Olanzapine,Antipsychotic -Atypical Dopamine-Serotonin Antag-Thienobenzodiazepines,Mid - Augmentive ,OLANZAPINE 20 MG TABLET
311,64785,Olanzapine,"Antidepressant- SSRI and Atypical Antipsych,Dopamine,Serotonin Antagon",Mid - Augmentive ,OLANZAPINE-FLUOXETINE 3-25 MG
312,64785,Olanzapine,"Antidepressant- SSRI and Atypical Antipsych,Dopamine,Serotonin Antagon",Mid - Augmentive ,OLANZAPINE-FLUOXETINE 6-25 MG
313,64785,Olanzapine,"Antidepressant- SSRI and Atypical Antipsych,Dopamine,Serotonin Antagon",Mid - Augmentive ,OLANZAPINE-FLUOXETINE 6-50 MG
314,64785,Olanzapine,"Antidepressant- SSRI and Atypical Antipsych,Dopamine,Serotonin Antagon",Mid - Augmentive ,OLANZAPINE-FLUOXETINE 12-25 MG
315,64785,Olanzapine,"Antidepressant- SSRI and Atypical Antipsych,Dopamine,Serotonin Antagon",Mid - Augmentive ,OLANZAPINE-FLUOXETINE 12-50 MG
316,64785,Olanzapine,"Antidepressant- SSRI and Atypical Antipsych,Dopamine,Serotonin Antagon",Mid - Augmentive ,OLANZAPINE-FLUOXETINE 3-25 MG
317,64785,Olanzapine,"Antidepressant- SSRI and Atypical Antipsych,Dopamine,Serotonin Antagon",Mid - Augmentive ,OLANZAPINE-FLUOXETINE 6-25 MG
318,64785,Olanzapine,"Antidepressant- SSRI and Atypical Antipsych,Dopamine,Serotonin Antagon",Mid - Augmentive ,OLANZAPINE-FLUOXETINE 6-50 MG
319,64785,Olanzapine,"Antidepressant- SSRI and Atypical Antipsych,Dopamine,Serotonin Antagon",Mid - Augmentive ,OLANZAPINE-FLUOXETINE 12-25 MG
320,64785,Olanzapine,"Antidepressant- SSRI and Atypical Antipsych,Dopamine,Serotonin Antagon",Mid - Augmentive ,OLANZAPINE-FLUOXETINE 12-50 MG
321,64785,Olanzapine,"Antidepressant- SSRI and Atypical Antipsych,Dopamine,Serotonin Antagon",Mid - Augmentive ,OLANZAPINE-FLUOXETINE 3-25 MG
322,64785,Olanzapine,"Antidepressant- SSRI and Atypical Antipsych,Dopamine,Serotonin Antagon",Mid - Augmentive ,OLANZAPINE-FLUOXETINE 6-25 MG
323,64785,Olanzapine,"Antidepressant- SSRI and Atypical Antipsych,Dopamine,Serotonin Antagon",Mid - Augmentive ,OLANZAPINE-FLUOXETINE 6-50 MG
324,64785,Olanzapine,"Antidepressant- SSRI and Atypical Antipsych,Dopamine,Serotonin Antagon",Mid - Augmentive ,OLANZAPINE-FLUOXETINE 12-25 MG
325,64785,Olanzapine,"Antidepressant- SSRI and Atypical Antipsych,Dopamine,Serotonin Antagon",Mid - Augmentive ,OLANZAPINE-FLUOXETINE 12-50 MG
326,64785,Olanzapine Fluoxetine,"Antidepressant- SSRI and Atypical Antipsych,Dopamine,Serotonin Antagon",Mid - Augmentive ,OLANZAPINE-FLUOXETINE 3-25 MG
327,64785,Olanzapine Fluoxetine,"Antidepressant- SSRI and Atypical Antipsych,Dopamine,Serotonin Antagon",Mid - Augmentive ,OLANZAPINE-FLUOXETINE 6-25 MG
328,64785,Olanzapine Fluoxetine,"Antidepressant- SSRI and Atypical Antipsych,Dopamine,Serotonin Antagon",Mid - Augmentive ,OLANZAPINE-FLUOXETINE 6-50 MG
329,64785,Olanzapine Fluoxetine,"Antidepressant- SSRI and Atypical Antipsych,Dopamine,Serotonin Antagon",Mid - Augmentive ,OLANZAPINE-FLUOXETINE 12-25 MG
330,64785,Olanzapine Fluoxetine,"Antidepressant- SSRI and Atypical Antipsych,Dopamine,Serotonin Antagon",Mid - Augmentive ,OLANZAPINE-FLUOXETINE 12-50 MG
331,64785,Olanzapine Fluoxetine,"Antidepressant- SSRI and Atypical Antipsych,Dopamine,Serotonin Antagon",Mid - Augmentive ,OLANZAPINE-FLUOXETINE 3-25 MG
332,64785,Olanzapine Fluoxetine,"Antidepressant- SSRI and Atypical Antipsych,Dopamine,Serotonin Antagon",Mid - Augmentive ,OLANZAPINE-FLUOXETINE 6-25 MG
333,64785,Olanzapine Fluoxetine,"Antidepressant- SSRI and Atypical Antipsych,Dopamine,Serotonin Antagon",Mid - Augmentive ,OLANZAPINE-FLUOXETINE 6-50 MG
334,64785,Olanzapine Fluoxetine,"Antidepressant- SSRI and Atypical Antipsych,Dopamine,Serotonin Antagon",Mid - Augmentive ,OLANZAPINE-FLUOXETINE 12-25 MG
335,64785,Olanzapine Fluoxetine,"Antidepressant- SSRI and Atypical Antipsych,Dopamine,Serotonin Antagon",Mid - Augmentive ,OLANZAPINE-FLUOXETINE 12-50 MG
336,64785,Olanzapine Fluoxetine,"Antidepressant- SSRI and Atypical Antipsych,Dopamine,Serotonin Antagon",Mid - Augmentive ,OLANZAPINE-FLUOXETINE 3-25 MG
337,64785,Olanzapine Fluoxetine,"Antidepressant- SSRI and Atypical Antipsych,Dopamine,Serotonin Antagon",Mid - Augmentive ,OLANZAPINE-FLUOXETINE 6-25 MG
338,64785,Olanzapine Fluoxetine,"Antidepressant- SSRI and Atypical Antipsych,Dopamine,Serotonin Antagon",Mid - Augmentive ,OLANZAPINE-FLUOXETINE 6-50 MG
339,64785,Olanzapine Fluoxetine,"Antidepressant- SSRI and Atypical Antipsych,Dopamine,Serotonin Antagon",Mid - Augmentive ,OLANZAPINE-FLUOXETINE 12-25 MG
340,64785,Olanzapine Fluoxetine,"Antidepressant- SSRI and Atypical Antipsych,Dopamine,Serotonin Antagon",Mid - Augmentive ,OLANZAPINE-FLUOXETINE 12-50 MG
341,112408,Paliperidone ,Antipsychotic - Atypical Dopamine-Serotonin Antag- Benzisoxazole Deriv,Mid - Augmentive ,PALIPERIDONE ER 9 MG TABLET
342,112408,Paliperidone ,Antipsychotic - Atypical Dopamine-Serotonin Antag- Benzisoxazole Deriv,Mid - Augmentive ,PALIPERIDONE ER 3 MG TABLET
343,112408,Paliperidone ,Antipsychotic - Atypical Dopamine-Serotonin Antag- Benzisoxazole Deriv,Mid - Augmentive ,PALIPERIDONE ER 6 MG TABLET
344,112408,Paliperidone ,Antipsychotic - Atypical Dopamine-Serotonin Antag- Benzisoxazole Deriv,Mid - Augmentive ,PALIPERIDONE ER 1.5 MG TABLET
345,118378,Paliperidone ,Antipsychotic - Atypical Dopamine-Serotonin Antag- Benzisoxazole Deriv,Mid - Augmentive ,
346,297065,Paliperidone ,Antipsychotic - Atypical Dopamine-Serotonin Antag- Benzisoxazole Deriv,Mid - Augmentive ,
347,342825,Paroxetine,Menopausal Symptoms Suppressant-SSRI Antidepressant Type,Early,PAROXETINE MESYLATE 7.5 MG CAP
348,64674,Paroxetine,Antidepressant - Selective Serotonin Reuptake Inhibitors (SSRIs),Early,
349,6709,Paroxetine,Antidepressant - Selective Serotonin Reuptake Inhibitors (SSRIs),Early,PAROXETINE HCL 20 MG TABLET
350,6709,Paroxetine,Antidepressant - Selective Serotonin Reuptake Inhibitors (SSRIs),Early,PAROXETINE HCL 40 MG TABLET
351,6709,Paroxetine,Antidepressant - Selective Serotonin Reuptake Inhibitors (SSRIs),Early,PAROXETINE HCL 30 MG TABLET
352,6709,Paroxetine,Antidepressant - Selective Serotonin Reuptake Inhibitors (SSRIs),Early,PAROXETINE HCL 10 MG TABLET
353,6709,Paroxetine,Antidepressant - Selective Serotonin Reuptake Inhibitors (SSRIs),Early,PAROXETINE ER 12.5 MG TABLET
354,6709,Paroxetine,Antidepressant - Selective Serotonin Reuptake Inhibitors (SSRIs),Early,PAROXETINE ER 25 MG TABLET
355,6709,Paroxetine,Antidepressant - Selective Serotonin Reuptake Inhibitors (SSRIs),Early,PAROXETINE ER 37.5 MG TABLET
356,80797,Phenelzine,Bulk Chemicals,Late,PHENELZINE SULFATE POWDER
357,8342,Phenelzine,"Antidepressant - MAO Inhibitor Nonselective and Irreversible-Types A,B",Late,PHENELZINE SULFATE 15 MG TAB
358,11387,Protriptyline,Antidepressant-Tricyclics and Related (Non-Select Reuptake Inhibitors),Late,PROTRIPTYLINE HCL 5 MG TABLET
359,11387,Protriptyline,Antidepressant-Tricyclics and Related (Non-Select Reuptake Inhibitors),Late,PROTRIPTYLINE HCL 10 MG TABLET
360,4579,Quetiapine ,Antipsychotic -Atypical Dopamine-Serotonin Antag-Dibenzothiazepine Der,Mid - Augmentive ,QUETIAPINE ER 150 MG TABLET
361,4579,Quetiapine ,Antipsychotic -Atypical Dopamine-Serotonin Antag-Dibenzothiazepine Der,Mid - Augmentive ,QUETIAPINE ER 200 MG TABLET
362,4579,Quetiapine ,Antipsychotic -Atypical Dopamine-Serotonin Antag-Dibenzothiazepine Der,Mid - Augmentive ,QUETIAPINE ER 300 MG TABLET
363,4579,Quetiapine ,Antipsychotic -Atypical Dopamine-Serotonin Antag-Dibenzothiazepine Der,Mid - Augmentive ,QUETIAPINE ER 400 MG TABLET
364,4579,Quetiapine ,Antipsychotic -Atypical Dopamine-Serotonin Antag-Dibenzothiazepine Der,Mid - Augmentive ,QUETIAPINE ER 50 MG TABLET
365,4579,Quetiapine ,Antipsychotic -Atypical Dopamine-Serotonin Antag-Dibenzothiazepine Der,Mid - Augmentive ,QUETIAPINE FUMARATE 25 MG TAB
366,4579,Quetiapine ,Antipsychotic -Atypical Dopamine-Serotonin Antag-Dibenzothiazepine Der,Mid - Augmentive ,QUETIAPINE FUMARATE 50 MG TAB
367,4579,Quetiapine ,Antipsychotic -Atypical Dopamine-Serotonin Antag-Dibenzothiazepine Der,Mid - Augmentive ,QUETIAPINE FUMARATE 100 MG TAB
368,4579,Quetiapine ,Antipsychotic -Atypical Dopamine-Serotonin Antag-Dibenzothiazepine Der,Mid - Augmentive ,QUETIAPINE FUMARATE 300 MG TAB
369,4579,Quetiapine ,Antipsychotic -Atypical Dopamine-Serotonin Antag-Dibenzothiazepine Der,Mid - Augmentive ,QUETIAPINE FUMARATE 400 MG TAB
370,4579,Quetiapine ,Antipsychotic -Atypical Dopamine-Serotonin Antag-Dibenzothiazepine Der,Mid - Augmentive ,QUETIAPINE FUMARATE 200 MG TAB
371,6066,Risperidone,Antipsychotic - Atypical Dopamine-Serotonin Antag- Benzisoxazole Deriv,Mid - Augmentive ,RISPERIDONE 0.5 MG ODT
372,6066,Risperidone,Antipsychotic - Atypical Dopamine-Serotonin Antag- Benzisoxazole Deriv,Mid - Augmentive ,RISPERIDONE 1 MG ODT
373,6066,Risperidone,Antipsychotic - Atypical Dopamine-Serotonin Antag- Benzisoxazole Deriv,Mid - Augmentive ,RISPERIDONE 2 MG ODT
374,6066,Risperidone,Antipsychotic - Atypical Dopamine-Serotonin Antag- Benzisoxazole Deriv,Mid - Augmentive ,RISPERIDONE 3 MG ODT
375,6066,Risperidone,Antipsychotic - Atypical Dopamine-Serotonin Antag- Benzisoxazole Deriv,Mid - Augmentive ,RISPERIDONE 4 MG ODT
376,6066,Risperidone,Antipsychotic - Atypical Dopamine-Serotonin Antag- Benzisoxazole Deriv,Mid - Augmentive ,RISPERIDONE 4 MG TABLET
377,6066,Risperidone,Antipsychotic - Atypical Dopamine-Serotonin Antag- Benzisoxazole Deriv,Mid - Augmentive ,RISPERIDONE 1 MG TABLET
378,6066,Risperidone,Antipsychotic - Atypical Dopamine-Serotonin Antag- Benzisoxazole Deriv,Mid - Augmentive ,RISPERIDONE 2 MG TABLET
379,6066,Risperidone,Antipsychotic - Atypical Dopamine-Serotonin Antag- Benzisoxazole Deriv,Mid - Augmentive ,RISPERIDONE 1 MG/1 ML ORAL SYR
380,6066,Risperidone,Antipsychotic - Atypical Dopamine-Serotonin Antag- Benzisoxazole Deriv,Mid - Augmentive ,RISPERIDONE 3 MG TABLET
381,6066,Risperidone,Antipsychotic - Atypical Dopamine-Serotonin Antag- Benzisoxazole Deriv,Mid - Augmentive ,RISPERIDONE 0.25 MG TABLET
382,6066,Risperidone,Antipsychotic - Atypical Dopamine-Serotonin Antag- Benzisoxazole Deriv,Mid - Augmentive ,RISPERIDONE 0.5 MG TABLET
383,6066,Risperidone,Antipsychotic - Atypical Dopamine-Serotonin Antag- Benzisoxazole Deriv,Mid - Augmentive ,RISPERIDONE 1 MG/ML SOLUTION
384,64309,Risperidone,Antipsychotic - Atypical Dopamine-Serotonin Antag- Benzisoxazole Deriv,Mid - Augmentive ,
385,11583,Selegiline,Antiparkinson Therapy - Monoamine Oxidase Inhibitor(MAO-B),Late,SELEGILINE HCL 5 MG CAPSULE
386,11583,Selegiline,Antiparkinson Therapy - Monoamine Oxidase Inhibitor(MAO-B),Late,SELEGILINE HCL 5 MG TABLET
387,80739,Selegiline,Bulk Chemicals,Late,SELEGILINE HCL POWDER
388,80767,Selegiline,"Antidepressant - MAO Inhibitor Nonselective and Irreversible-Types A,B",Late,
389,1,Sertraline,Antidepressant - Selective Serotonin Reuptake Inhibitors (SSRIs),Early,SERTRALINE HCL 50 MG TABLET
390,1,Sertraline,Antidepressant - Selective Serotonin Reuptake Inhibitors (SSRIs),Early,SERTRALINE HCL 100 MG TABLET
391,1,Sertraline,Antidepressant - Selective Serotonin Reuptake Inhibitors (SSRIs),Early,SERTRALINE HCL 25 MG TABLET
392,1,Sertraline,Antidepressant - Selective Serotonin Reuptake Inhibitors (SSRIs),Early,SERTRALINE 20 MG/ML ORAL CONC
393,117151,Sertraline,Bulk Chemicals,Early,SERTRALINE HCL POWDER
394,20445,Tramadol,Analgesic Opioid Tramadol and Non-Salicylate Combinations,Mid - Augmentive ,TRAMADOL-ACETAMINOPHEN 37.5-325 MG TAB
395,4302,Tramadol,Analgesic Opioid Agonists,Mid - Augmentive ,TRAMADOL HCL ER 150 MG CAPSULE
396,4302,Tramadol,Analgesic Opioid Agonists,Mid - Augmentive ,TRAMADOL HCL 50 MG TABLET
397,4302,Tramadol,Analgesic Opioid Agonists,Mid - Augmentive ,TRAMADOL HCL ER 100 MG TABLET
398,4302,Tramadol,Analgesic Opioid Agonists,Mid - Augmentive ,TRAMADOL HCL ER 200 MG TABLET
399,4302,Tramadol,Analgesic Opioid Agonists,Mid - Augmentive ,TRAMADOL HCL ER 100 MG CAPSULE
400,4302,Tramadol,Analgesic Opioid Agonists,Mid - Augmentive ,TRAMADOL HCL ER 200 MG CAPSULE
401,4302,Tramadol,Analgesic Opioid Agonists,Mid - Augmentive ,TRAMADOL HCL ER 300 MG CAPSULE
402,4302,Tramadol,Analgesic Opioid Agonists,Mid - Augmentive ,TRAMADOL HCL ER 300 MG TABLET
403,4302,Tramadol,Analgesic Opioid Agonists,Mid - Augmentive ,TRAMADOL ER 300 MG TABLET
404,4302,Tramadol,Analgesic Opioid Agonists,Mid - Augmentive ,TRAMADOL ER 200 MG TABLET
405,4302,Tramadol,Analgesic Opioid Agonists,Mid - Augmentive ,TRAMADOL ER 100 MG TABLET
406,77635,Tramadol,Bulk Chemicals,Mid - Augmentive ,TRAMADOL HCL POWDER
407,6706,Tranylcypromine,"Antidepressant - MAO Inhibitor Nonselective and Irreversible-Types A,B",Late,TRANYLCYPROMINE SULF 10 MG TAB
408,4190,Trazdone,Dermatological - Antifungals Other,Mid - Augmentive ,TRIACETIN LIQUID
409,64962,Trazdone,Bulk Chemicals,Mid - Augmentive ,TRAZODONE HCL POWDER
410,73511,Trazdone,"1st Generation Antihistamine-Decongestant-Analgesic, Non-Salicylate",Mid - Augmentive ,DRISTAN COLD MULTI-SYMP TAB
411,79150,Trazdone,Nasal Sympathomimetic Decongestants (Intranasal),Mid - Augmentive ,DRISTAN LONG LASTING MIST
412,7918,Trazdone,Antidepressant - Serotonin-2 Antagonist-Reuptake Inhibitors (SARIs),Mid - Augmentive ,TRAZODONE 50 MG TABLET
413,7918,Trazdone,Antidepressant - Serotonin-2 Antagonist-Reuptake Inhibitors (SARIs),Mid - Augmentive ,TRAZODONE 150 MG TABLET
414,7918,Trazdone,Antidepressant - Serotonin-2 Antagonist-Reuptake Inhibitors (SARIs),Mid - Augmentive ,TRAZODONE 100 MG TABLET
415,7918,Trazdone,Antidepressant - Serotonin-2 Antagonist-Reuptake Inhibitors (SARIs),Mid - Augmentive ,TRAZODONE 300 MG TABLET
416,6768,Trimipramine,Antidepressant-Tricyclics and Related (Non-Select Reuptake Inhibitors),Late,TRIMIPRAMINE MALEATE 25 MG CAP
417,6768,Trimipramine,Antidepressant-Tricyclics and Related (Non-Select Reuptake Inhibitors),Late,TRIMIPRAMINE MALEATE 50 MG CAP
418,6768,Trimipramine,Antidepressant-Tricyclics and Related (Non-Select Reuptake Inhibitors),Late,TRIMIPRAMINE MALEATE 100 MG CP
419,6768,Trimipramine,Antidepressant-Tricyclics and Related (Non-Select Reuptake Inhibitors),Late,TRIMIPRAMINE MALEATE 25 MG CAP
420,6768,Trimipramine,Antidepressant-Tricyclics and Related (Non-Select Reuptake Inhibitors),Late,TRIMIPRAMINE MALEATE 50 MG CAP
421,6768,Trimipramine,Antidepressant-Tricyclics and Related (Non-Select Reuptake Inhibitors),Late,TRIMIPRAMINE MALEATE 100 MG CP
422,115807,Venlafaxine ,Antidepressant - Serotonin-Norepinephrine Reuptake Inhibitors (SNRIs),Early,DESVENLAFAXINE SUCCNT ER 50 MG
423,115807,Venlafaxine ,Antidepressant - Serotonin-Norepinephrine Reuptake Inhibitors (SNRIs),Early,DESVENLAFAXINE SUCCNT ER 100 MG
424,115807,Venlafaxine ,Antidepressant - Serotonin-Norepinephrine Reuptake Inhibitors (SNRIs),Early,DESVENLAFAXINE SUCCNT ER 25 MG
425,115807,Venlafaxine ,Antidepressant - Serotonin-Norepinephrine Reuptake Inhibitors (SNRIs),Early,DESVENLAFAXINE SUCCNT ER 50 MG
426,115807,Venlafaxine ,Antidepressant - Serotonin-Norepinephrine Reuptake Inhibitors (SNRIs),Early,DESVENLAFAXINE SUCCNT ER 100 MG
427,115807,Venlafaxine ,Antidepressant - Serotonin-Norepinephrine Reuptake Inhibitors (SNRIs),Early,DESVENLAFAXINE SUCCNT ER 25 MG
428,221005,Venlafaxine ,Antidepressant - Serotonin-Norepinephrine Reuptake Inhibitors (SNRIs),Early,DESVENLAFAXINE ER 50 MG TABLET
429,221005,Venlafaxine ,Antidepressant - Serotonin-Norepinephrine Reuptake Inhibitors (SNRIs),Early,DESVENLAFAXINE ER 100 MG TAB
430,221005,Venlafaxine ,Antidepressant - Serotonin-Norepinephrine Reuptake Inhibitors (SNRIs),Early,DESVENLAFAXINE ER 100 MG TAB
431,221005,Venlafaxine ,Antidepressant - Serotonin-Norepinephrine Reuptake Inhibitors (SNRIs),Early,DESVENLAFAXINE ER 50 MG TAB
432,221005,Venlafaxine ,Antidepressant - Serotonin-Norepinephrine Reuptake Inhibitors (SNRIs),Early,DESVENLAFAXINE ER 50 MG TABLET
433,221005,Venlafaxine ,Antidepressant - Serotonin-Norepinephrine Reuptake Inhibitors (SNRIs),Early,DESVENLAFAXINE ER 100 MG TAB
434,221005,Venlafaxine ,Antidepressant - Serotonin-Norepinephrine Reuptake Inhibitors (SNRIs),Early,DESVENLAFAXINE ER 100 MG TAB
435,221005,Venlafaxine ,Antidepressant - Serotonin-Norepinephrine Reuptake Inhibitors (SNRIs),Early,DESVENLAFAXINE ER 50 MG TAB
436,4754,Venlafaxine ,Antidepressant - Serotonin-Norepinephrine Reuptake Inhibitors (SNRIs),Early,VENLAFAXINE HCL ER 150 MG CAP
437,4754,Venlafaxine ,Antidepressant - Serotonin-Norepinephrine Reuptake Inhibitors (SNRIs),Early,VENLAFAXINE HCL ER 37.5 MG CAP
438,4754,Venlafaxine ,Antidepressant - Serotonin-Norepinephrine Reuptake Inhibitors (SNRIs),Early,VENLAFAXINE HCL 37.5 MG TABLET
439,4754,Venlafaxine ,Antidepressant - Serotonin-Norepinephrine Reuptake Inhibitors (SNRIs),Early,VENLAFAXINE HCL 50 MG TABLET
440,4754,Venlafaxine ,Antidepressant - Serotonin-Norepinephrine Reuptake Inhibitors (SNRIs),Early,VENLAFAXINE HCL ER 75 MG CAP
441,4754,Venlafaxine ,Antidepressant - Serotonin-Norepinephrine Reuptake Inhibitors (SNRIs),Early,VENLAFAXINE HCL ER 75 MG TAB
442,4754,Venlafaxine ,Antidepressant - Serotonin-Norepinephrine Reuptake Inhibitors (SNRIs),Early,VENLAFAXINE HCL 25 MG TABLET
443,4754,Venlafaxine ,Antidepressant - Serotonin-Norepinephrine Reuptake Inhibitors (SNRIs),Early,VENLAFAXINE HCL 75 MG TABLET
444,4754,Venlafaxine ,Antidepressant - Serotonin-Norepinephrine Reuptake Inhibitors (SNRIs),Early,VENLAFAXINE HCL ER 37.5 MG TAB
445,4754,Venlafaxine ,Antidepressant - Serotonin-Norepinephrine Reuptake Inhibitors (SNRIs),Early,VENLAFAXINE HCL 100 MG TABLET
446,4754,Venlafaxine ,Antidepressant - Serotonin-Norepinephrine Reuptake Inhibitors (SNRIs),Early,VENLAFAXINE HCL ER 150 MG TAB
447,4754,Venlafaxine ,Antidepressant - Serotonin-Norepinephrine Reuptake Inhibitors (SNRIs),Early,VENLAFAXINE HCL ER 225 MG TAB
448,131120,Vilazodone,Antidepressant - SSRI and 5HT1A Partial Agonist,Early,
449,238405,Vortioxetine,Antidepressant - SSRI and Serotonin (5-HT) Receptor Modulator,Early,
